[18:40:48.241646 WARN] MONGODB | Unsupported client option 'roles'. It will be ignored.
6a34c2e894034600caea0384	1df237a5-5b77-43f4-a6fa-d779ebdb6824	batch_run	queued
6a34c2f694034600caea0385	cdbe5d5c-ddf8-47f7-ba11-4b566a7001d4	lhs	queued
6a34c2f79403460224e9b2dc	cdbe5d5c-ddf8-47f7-ba11-4b566a7001d4	batch_run	queued
6a34c30394034600caea0389	de7e4463-e0cd-4e58-a52d-62781b95a106	lhs	queued
6a34c30394034600caea038a	de7e4463-e0cd-4e58-a52d-62781b95a106	batch_run	queued
6a34c31094034600caea038e	53c633b3-4d96-4734-ab0f-126339fdd332	lhs	queued
6a34c31194034600e6e9d801	53c633b3-4d96-4734-ab0f-126339fdd332	batch_run	queued
6a34c31f94034600caea0390	17a1e10b-36fb-440d-bab9-0330916800ca	lhs	queued
6a34c31f94034600caea0391	17a1e10b-36fb-440d-bab9-0330916800ca	batch_run	queued
6a34c33094034600caea0392	4016b5dc-025e-402d-bdb6-df679b3dcefa	lhs	queued
6a34c33094034600caea0393	4016b5dc-025e-402d-bdb6-df679b3dcefa	batch_run	queued
6a34c34194034600caea039b	f7524497-4b32-4d18-ac58-bfd685a10eab	lhs	queued
6a34c34194034600caea039c	f7524497-4b32-4d18-ac58-bfd685a10eab	batch_run	queued
6a34c35694034600e6e9d833	23037b73-05b6-4045-980c-fc9298a9fced	lhs	queued
6a34c35694034600e6e9d835	23037b73-05b6-4045-980c-fc9298a9fced	batch_run	queued
6a34c36794034600caea03f1	ec2b5754-872d-4a54-80c7-ac33200ceba6	lhs	queued
6a34c36894034600e6e9d85f	ec2b5754-872d-4a54-80c7-ac33200ceba6	batch_run	queued
6a34c38594034600caea0435	f637a178-3933-4c2e-9f89-b146c3de4cab	lhs	queued
6a34c3869403460100e9bfe7	f637a178-3933-4c2e-9f89-b146c3de4cab	batch_run	queued
6a34c3959403460100e9c02d	df3cfdcf-70bd-4cb4-b20a-652c9375606d	batch_run	queued
6a34c3a594034600e6e9d8b3	1a199c0d-8dfc-45f3-8130-b2e213ed794c	batch_run	queued
6a34c3bf9403460119e9b6e7	327cdb96-cfff-4b00-958e-7b9f508831f4	lhs	queued
6a34c3c094034600caea0510	327cdb96-cfff-4b00-958e-7b9f508831f4	batch_run	queued
6a34c3cd9403460100e9c0a6	5a462ff8-d339-48d3-bc37-e76bfc37babf	lhs	queued
6a34c3cd94034600caea055c	5a462ff8-d339-48d3-bc37-e76bfc37babf	batch_run	queued
6a34c3ef94034600caea0612	852b2895-505c-4bdf-b2bd-9348f03d973c	batch_run	queued
6a34c40b94034600e6e9da6f	930d3aec-33ee-4bc7-8e70-7b663db60bf5	batch_run	queued
6a34c4199403460100e9c1c2	35ae8bc7-12ef-4e4f-b532-5fccd02ff77a	lhs	queued
6a34c41a9403460100e9c1c4	35ae8bc7-12ef-4e4f-b532-5fccd02ff77a	batch_run	queued
6a34c43794034600caea0747	c8e09987-2915-4a08-82a3-c9029a41e330	lhs	queued
6a34c4479403460119e9b7dc	dc149040-6248-4da5-b379-1dc26339f006	lhs	queued
6a34c44894034600e6e9db00	dc149040-6248-4da5-b379-1dc26339f006	batch_run	queued
6a34c4589403460100e9c2b0	bfc7c691-cb3e-403c-9a8e-53894233ca9f	lhs	queued
6a34c45894034600caea07be	bfc7c691-cb3e-403c-9a8e-53894233ca9f	batch_run	queued
6a34c4e594034600e6e9dc96	6c5431c4-0e48-4c45-add2-5e91204cc159	lhs	queued
6a34c4e59403460172e9b35a	6c5431c4-0e48-4c45-add2-5e91204cc159	batch_run	queued
6a34cc3594034600caea16c4	4c2e3085-1ee3-4c52-9cda-619642d3bb2f	batch_run	queued
6a34cc6894034600caea16c8	ffdef0f4-e3a3-4ad6-b704-98360a036baf	batch_run	queued
6a34cc7b94034600caea16ca	c9988198-f511-4291-ac8d-b92af895224d	batch_run	queued
6a34cc8f94034600caea16cc	79e4f1bf-f7dc-47fd-babd-34be0c400089	batch_run	queued
6a34cca494034600caea16ce	8bdeef55-2da3-4140-95ca-01f3728a356e	batch_run	queued
6a34ccb994034600caea16d0	acb66e56-eaec-4273-a6cc-b03fa1ccf6ac	batch_run	queued
6a34ccce94034600caea16d2	1498c19e-080c-440a-9efa-f094d341dbaa	batch_run	queued
6a34cce394034600caea16d4	ae75e833-60b7-4205-a5f9-10faaf1b335a	batch_run	queued
6a34ccf894034600caea16d6	e0d50a92-7c63-4e38-8e94-ed60b89e3215	batch_run	queued
6a34cd0d94034600caea16d8	2823e1dc-ddd6-4185-9abc-e1409dd3164f	batch_run	queued
6a34cd2294034600caea16da	de1d6b14-7ef7-4b22-aeb7-05a2ce71b54f	batch_run	queued
6a34cd3794034600caea16dc	dd5d8181-026b-49da-964c-6d5e93983627	batch_run	queued
6a34cd6a94034600caea16de	157d2df5-aecb-412a-a0b7-09e2eef2498a	batch_run	queued
6a34cd7f94034600caea16e0	4a607759-f5f7-4ea9-86ce-4feba234ef7c	batch_run	queued
6a34cd9394034600caea16e2	f1ad687d-16db-49d4-b589-f2e73aebd894	batch_run	queued
6a34cda894034600caea16e4	af961f20-03b0-4d43-aced-5b71d9a67103	batch_run	queued
6a34cdbd94034600caea16e6	197051ff-4520-4d21-8380-6de336b3119b	batch_run	queued
6a34cdd394034600caea16e8	10e974f5-69d8-4db6-a123-2be652510d19	batch_run	queued
6a34cde894034600caea16ea	7fb88550-3fb3-49f2-a912-8350e438daa0	batch_run	queued
6a34cdfd94034600caea16ec	322c59fb-428b-4d4a-a9c3-a2018c00cd3f	batch_run	queued
6a34ce1594034600caea16ee	441839bc-e7b4-4964-bb08-36a30133dc40	batch_run	queued
6a34ce2b94034600caea16f0	3b0adb3b-e091-48a1-9be0-c5b87be236c5	batch_run	queued
6a34ce4094034600caea16f2	2e296dc7-495e-4de2-8321-7aec9b77ac6d	batch_run	queued
6a34ce6094034600caea16f4	65c5b0c3-eeb4-4e32-9da1-bc4477e1ee3b	batch_run	queued
6a34ce7694034600caea16f6	eca4003b-5ea8-44c2-8c8a-8d0708c5e557	batch_run	queued
6a34ce8c94034600caea16f8	e0ed8d81-7198-4f7e-b1d1-167fc2c32fd7	batch_run	queued
6a34cea394034600caea16fa	02127b00-eb08-4903-ad17-7feda0e08591	batch_run	queued
6a34ceb894034600caea16fc	cde51022-c59d-4df1-8cb3-f8942a7c3953	batch_run	queued
6a34cece94034600caea16fe	c464a029-eba4-4a54-a91c-8d667538fd95	batch_run	queued
6a34cee494034600caea1700	5a4f6662-2f68-4caa-8f04-5ffb1958591f	batch_run	queued
6a34cefa94034600caea1702	3c2587f7-5ee8-4a40-8313-a66b343259d3	batch_run	queued
6a34cf1094034600caea1704	6bc47c75-ebce-4d62-8d11-63c8d28aa22c	batch_run	queued
6a34cf2794034600caea1706	0bcdcb68-78b0-4658-bb15-bb9fb2236d67	batch_run	queued
6a34cf5194034600caea1708	4bea2d9b-2920-46c6-9a2f-9023321f3fb3	batch_run	queued
6a34cf6a94034600caea170a	814dd049-8015-4d40-be60-303e0eb45348	batch_run	queued
6a34cf8194034600caea170c	79d796fe-847e-4102-a58c-089722a45a1c	batch_run	queued
6a34cf9794034600caea170e	f18a918e-84b9-42bb-8c3c-bf93162e72b7	batch_run	queued
6a34cfad94034600caea1710	d5e00c61-66db-4616-b86a-e02fa1eeb973	batch_run	queued
6a34cfc594034600caea1712	438d9bc6-bb1d-48a4-ba19-dfb28df6eb90	batch_run	queued
6a34cfdd94034600caea1714	62d93c24-4f68-4595-a563-458a3b0f786b	batch_run	queued
6a34cff694034600caea1716	73fb5246-b46c-45dd-949a-d54d5ad9cf30	batch_run	queued
6a34d00e94034600caea1718	352e5916-3176-4bf4-9532-ff2134d29d9e	batch_run	queued
6a34d02594034600caea171a	f0559683-8c1a-4dae-9610-1c8d2e7eb878	batch_run	queued
6a34d05194034600caea171c	9e03eb93-7175-48ae-aba4-6efd2ac4d126	batch_run	queued
6a34d06894034600caea171e	9f0fc144-b006-46e7-b151-829dbcb73a90	batch_run	queued
6a34d07f94034600caea1720	e52365d8-aef6-4cd9-9cf0-9501dad0f482	batch_run	queued
6a34d09694034600caea1722	151e87fc-bdbb-47eb-bc51-5c9a4cdbcfc0	batch_run	queued
6a34d0ad94034600caea1724	935885b6-0b68-4db9-8db0-ca8cb17b7615	batch_run	queued
6a34d0c394034600caea1726	08401456-29e1-42aa-9248-b6f2cff86b25	batch_run	queued
6a34d0da94034600caea1728	15f37e84-0d10-4a15-bb70-858f56168f3e	batch_run	queued
6a34d0f194034600caea172a	86c23aee-2f98-452d-bc4c-24edcc9f7d73	batch_run	queued
6a34d10894034600caea172c	307edfa3-cc5b-4e52-8a61-b39bbead318e	batch_run	queued
6a34d12094034600caea172e	90e35f77-180a-4d52-aab2-022ce2ee46ba	batch_run	queued
6a34d14994034600caea1730	0d26db91-5d97-4bca-bb0d-aeccdbca5157	batch_run	queued
6a34d16194034600caea1732	75ef94da-636e-46a0-97f0-5a6517e770ac	batch_run	queued
6a34d17d94034600caea1734	0cd04853-f003-4bd2-ac07-040d18110117	batch_run	queued
6a34d19494034600caea1736	bcf98acc-23a7-4c56-9b2c-25eccfc2c17f	batch_run	queued
6a34d1ac94034600caea1738	b4474dc3-06b1-4563-a05f-283c014ab517	batch_run	queued
6a34d1c494034600caea173a	276828b8-5cf6-4e74-aeab-3d63958247a9	batch_run	queued
6a34d1dc94034600caea173c	1305b93f-0fed-483e-9b1c-7e95ba86a996	batch_run	queued
6a34d1f494034600caea173e	2dc9aec4-e133-4a88-a1ea-37b91ce99a16	batch_run	queued
6a34d20c94034600caea1740	c8f5ce6f-a61a-4e58-b93c-8b8da1032ead	batch_run	queued
6a34d24094034600caea1743	24689606-f56c-4ceb-b1a6-7bebc898ee20	batch_run	queued
6a34d25994034600caea1745	bf8c8929-c254-4862-931d-dac5965b116d	batch_run	queued
6a34d27394034600caea1747	b4261cfc-8384-44c0-8422-c1a324bca081	batch_run	queued
6a34d28d94034600caea1749	5a376fb7-6d36-4705-b179-8fc41e92f2d9	batch_run	queued
6a34d2a594034600caea174b	1f474ec9-0a70-47bd-8685-3c494b46aa19	batch_run	queued
6a34d2be94034600caea174d	69dbe416-05de-4dcb-9b11-9923115ad62e	batch_run	queued
6a34d2d694034600caea174f	21544100-eadb-403a-8132-1983d9a1fc2b	batch_run	queued
6a34d2ee94034600caea1751	c2c3e0a0-2813-4b2b-85df-ef49787dff17	batch_run	queued
6a34d30794034600caea1753	d6fca5d6-48b6-4bdc-8c5b-2acbb863dbe7	batch_run	queued
6a34d33694034600caea1755	823a7651-18ba-4b8a-b40e-cf0cd5835fa4	batch_run	queued
6a34d34f94034600caea1757	078a9b5f-d49c-4fe9-94ed-d1a2665e3f95	batch_run	queued
6a34d36994034600caea1759	83e78c57-44c6-4407-adf0-6d5742095376	batch_run	queued
6a34d38294034600caea175b	cee74c51-e74c-41b8-96e7-40655b189cab	batch_run	queued
6a34d39d94034600caea175d	66d0b30f-42e3-4794-9665-2a08f18fa414	batch_run	queued
6a34d3b694034600caea175f	fc944b34-3a69-47c2-85f6-007e2af899d2	batch_run	queued
6a34d3cf94034600caea1761	e1ca42c4-f581-426f-8cd3-cb2023de40b3	batch_run	queued
6a34d3e894034600caea1763	8e2b7636-b81f-4d83-ac81-869dff26bbd9	batch_run	queued
6a34d40094034600caea1765	c00988f6-9478-478f-a7e3-2a7ea5f597c1	batch_run	queued
6a34d42894034600caea1767	6f613cc0-e588-4001-b8d6-788466780020	batch_run	queued
6a34d44294034600caea1769	a61a9fa8-0faf-465a-87d4-3e159c94b536	batch_run	queued
6a34d45b94034600caea176b	a194ff72-a799-41f5-a932-9bfd36c3ad36	batch_run	queued
6a34d47594034600caea176d	28074b76-dacb-4199-9416-db48a39a9cea	batch_run	queued
6a34d48f94034600caea176f	a2ad24fb-dc3b-44a0-921c-05a731871340	batch_run	queued
6a34d4a894034600caea1771	d0cad626-21ba-4d89-aeb2-b8a6287f34f8	batch_run	queued
6a34d4c294034600caea1773	f4e3c6e6-cceb-4ddc-8bd4-b723c4a2e0b7	batch_run	queued
6a34d4dc94034600caea1775	b48e3373-4962-4fb2-b77a-5ec14ea1e9e2	batch_run	queued
6a34d4f694034600caea1777	1440a61c-48c5-42c0-9d42-6f0afb40c63a	batch_run	queued
6a34d51f94034600caea1779	9a3a0779-dfb3-4085-9f2e-349d8e4a0ab6	batch_run	queued
6a34d53994034600caea177b	f0eda89b-d862-420d-84b7-3632ac82a15e	batch_run	queued
6a34d55394034600caea177d	0a0902b2-7e5f-4200-bc08-f71f676870d7	batch_run	queued
6a34d56d94034600caea177f	d79d9683-dcb2-41b5-b665-e24ac77ae422	batch_run	queued
6a34d58794034600caea1781	df482cfd-c32c-4410-b8af-98bcd7b132ce	batch_run	queued
6a34d5a194034600caea1783	a6bbfef4-b4d5-477e-b61f-a48234d32367	batch_run	queued
6a34d5bb94034600caea1785	e717832f-c401-408d-acec-1a3b51dccda2	batch_run	queued
6a34d5d494034600caea1787	b8710607-1eee-4a66-afb7-c22b36b8f8af	batch_run	queued
6a34d5ef94034600caea1789	ef490d58-f7c3-4b44-8a48-450cabb50fea	batch_run	queued
6a34d61194034600caea178b	dc162b28-e195-459e-a396-423376a18488	batch_run	queued
6a34d62c94034600caea178d	3e2e7b31-88a8-42e8-bb8e-ead36b425f70	batch_run	queued
6a34d64794034600caea178f	e1916f13-51f3-4c2d-aa49-e1aaedbe0335	batch_run	queued
6a34d66394034600caea1791	d52833c0-d3c5-4d81-9002-ded61373060e	batch_run	queued
6a34d67f94034600caea1793	71617cec-96e1-452a-9d7d-c6f0816ebcea	batch_run	queued
6a34d69a94034600caea1795	e8c23ff1-c57d-43c0-bd28-9b43f93644de	batch_run	queued
6a34d6b594034600caea1797	fc455a6c-ea8c-40bc-a42a-b06a08c89d2e	batch_run	queued
6a34d6d194034600caea1799	a6dc5388-3ecb-429d-9784-a55cafad9108	batch_run	queued
6a34d6ec94034600caea179b	85873074-e32d-497c-be78-3da143cf6142	batch_run	queued
6a34d70a94034600caea179d	5a0cbd1c-937e-4795-8491-2e382d2ea867	batch_run	queued
6a34d72594034600caea179f	9b564c97-6c6a-44e8-8dc9-feb297fd9f58	batch_run	queued
6a34d74094034600caea17a1	fcdb20d7-ca24-4f9f-9665-20b8f340a5c4	batch_run	queued
6a34d75b94034600caea17a3	c79315cb-1831-4420-b151-b49e4323386a	batch_run	queued
6a34d77794034600caea17a5	78b9a5ef-1b73-4555-b775-84e3e6a22f66	batch_run	queued
6a34d79394034600caea17a7	52ea7041-dce2-4c3f-a37f-7736be9c5d0d	batch_run	queued
6a34d7b094034600caea17a9	189fb12b-efa9-4373-8d22-14444513ed08	batch_run	queued
6a34d7cc94034600caea17ab	55c814ca-a260-4ed9-bc57-54e05e16be28	batch_run	queued
6a34d7ff94034600caea17ad	2a7fa605-da87-4a65-9e92-abc36bfeee63	batch_run	queued
6a34d81b94034600caea17af	ee34a170-1650-4957-a60a-7b8250350606	batch_run	queued
6a34d83694034600caea17b1	5e62bcf8-96f4-4449-a155-c58efcce71dc	batch_run	queued
6a34d85194034600caea17b3	ab5cb8e1-495d-47a2-8920-0e1205b88b58	batch_run	queued
6a34d86f94034600caea17b5	f83a40f0-de39-4793-b205-ad533d2979a0	batch_run	queued
6a34d88b94034600caea17b7	0bb394ae-c7a2-43f0-a457-d33dac617f1a	batch_run	queued
6a34d8a794034600caea17b9	dc188b28-bb71-4252-9603-a4f8b7a1a3d3	batch_run	queued
6a34d8c294034600caea17bb	a510c978-efc2-426f-8611-e17eb69a68f1	batch_run	queued
6a34d91094034600caea17bd	176d2d20-bd92-4cbb-93ad-7107c8c21342	batch_run	queued
6a34d92c94034600caea17bf	2ae08158-dc1b-4d4a-8f23-da88fe1ed154	batch_run	queued
6a34d94994034600caea17c1	ea4f58ea-dc89-4a41-b69c-15840612033e	batch_run	queued
6a34d96594034600caea17c3	47d87a85-d24b-4878-a0c1-a8fb0781ef39	batch_run	queued
6a34d98294034600caea17c5	6ce0085b-5b95-453f-8ebe-2ee34bc52765	batch_run	queued
6a34d99f94034600caea17c7	45280dcc-d35e-449f-aad3-d3275d4ab1f1	batch_run	queued
6a34d9bc94034600caea17c9	f47cafcb-4d28-4392-ae21-e08172cbc3bd	batch_run	queued
6a34d9f294034600caea17cb	82610473-c68e-4e62-9707-6e2406cd907b	batch_run	queued
6a34da1094034600caea17cd	482c3bf4-9f89-4968-a4ec-cac2dca9ac3c	batch_run	queued
6a34da2c94034600caea17cf	d93dcbaf-ad59-41d9-b29a-0e79c12f223c	batch_run	queued
6a34da4994034600caea17d1	379d7337-cbc3-4053-b3d2-396626e99039	batch_run	queued
6a34da6694034600caea17d3	c5e5a136-ba34-411b-a029-15e18a73e5b6	batch_run	queued
6a34da8594034600caea17d5	2dcabd27-3d29-44f5-90e0-15fdc331ed47	batch_run	queued
6a34daa194034600caea17d7	7bd8eb78-c2ac-462b-9ee9-cf3845b32fbe	batch_run	queued
6a34dabf94034600caea17d9	bc4df67a-14b9-4ded-bf1c-b17109bfdd77	batch_run	queued
6a34dae994034600caea17db	a54319fd-f690-4fc1-9272-e820dc5b17b2	batch_run	queued
6a34db0a94034600caea17dd	98196c7c-6626-45e0-9524-fee31741be8a	batch_run	queued
6a34db2994034600caea17df	baf2b837-889c-4ad0-92a3-41b21b5fe5aa	batch_run	queued
6a34db4694034600caea17e1	d13fc8cb-28e3-4876-8046-0244ac5706e8	batch_run	queued
6a34db6394034600caea17e3	1a21dd00-94d1-4749-85e3-44bdee1ac524	batch_run	queued
6a34db8194034600caea17e5	7d23893c-9642-4de3-b2a4-f999bc03f6f0	batch_run	queued
6a34dba194034600caea17e7	2f822db6-6c9c-4157-b450-d61e1e7ced1e	batch_run	queued
6a34dbdb94034600caea17e9	1e321d0d-f581-4b55-bb28-f85adbb3baab	batch_run	queued
6a34dbf994034600caea17eb	b4ef25da-3903-4ad9-9a38-ade8d6fe9c5a	batch_run	queued
6a34dc1894034600caea17ed	1c05c112-ed2c-45e4-8e04-716c6339d8b7	batch_run	queued
6a34dc3594034600caea17ef	435a387a-d5ce-4e73-8358-c9eb396189a8	batch_run	queued
6a34dc5394034600caea17f1	f7dac374-eb04-46c4-a1b3-9efb731c2db3	batch_run	queued
6a34dc7194034600caea17f3	57c5dc02-2630-44a3-b301-8820c25bb4a3	batch_run	queued
6a34dc9094034600caea17f5	246cc583-3faf-4f9d-b4a5-a37f6d41e11b	batch_run	queued
6a34dcae94034600caea17f7	5c5730c9-2d50-42ee-90e6-f0f23715240b	batch_run	queued
6a34dcda94034600caea17f9	00ef2a69-6588-4cc2-bd5c-68cea7d36f41	batch_run	queued
6a34dcfd94034600caea17fb	bb94703c-3ab9-4f1a-9a43-787d08537d6c	batch_run	queued
6a34dd1c94034600caea17fd	3fef1609-c00f-4225-b86b-74fc5fa6d455	batch_run	queued
6a34dd3b94034600caea17ff	8bf64a20-fbb0-47f6-a279-86d665e55f7e	batch_run	queued
6a34dd5a94034600caea1801	f07ddc67-764d-4194-9492-3a2fda79499c	batch_run	queued
6a34dd7994034600caea1803	c8c51281-badc-4b98-a1ac-239d9819522f	batch_run	queued
6a34dd9894034600caea1805	a730ef70-dbfc-40f0-b82b-9569b771b6d6	batch_run	queued
6a34ddd094034600caea1807	21924586-4536-4ebb-91f2-82d1bcdfdd53	batch_run	queued
6a34ddf094034600caea1809	1e49c388-371b-4451-9a59-a834f5e7bf65	batch_run	queued
6a34de0f94034600caea180b	43c502f5-87ee-437c-b9d9-3c47eb1b831f	batch_run	queued
6a34de2f94034600caea180d	a23b2fea-38b4-4d47-9e36-3ecc1112cc75	batch_run	queued
