[18:39:40.451705 WARN] MONGODB | Unsupported client option 'roles'. It will be ignored.
6a34c29294034600caea0376	4626f70b-1c3c-4e13-8fef-c0fe71ad4d79	batch_run	2026-06-19 04:17:00 UTC
6a34c29e94034600caea0378	3f3d8a71-f530-4787-825e-30108c86fdd5	batch_run	2026-06-19 04:17:14 UTC
6a34c2aa94034600caea037a	2188f803-dd9c-43b1-ad0c-2b00305e7548	batch_run	2026-06-19 04:17:13 UTC
6a34c2b694034600caea037c	e2c584bc-5ca2-4e25-949e-9715e4cf8ba2	batch_run	2026-06-19 04:17:50 UTC
6a34c2c89403460136e9b3ed	e1f444be-9f6a-4c3b-a9db-58e5c7f85765	batch_run	2026-06-19 04:17:54 UTC
6a34c2d894034600caea037d	959bd8ed-4af9-4407-9873-041e3c8c903c	batch_run	2026-06-19 04:18:14 UTC
6a34c37894034600caea041c	c3389598-6322-4aa4-9753-9dc673f750b0	batch_run	2026-06-19 04:21:01 UTC
6a34c3dc94034600caea0584	a1fcbe4d-db06-46af-a0ae-58061e7eecc4	batch_run	2026-06-19 04:22:46 UTC
6a34c3fe9403460100e9c14f	2ff75e53-a983-4522-983f-a3908b96cb29	batch_run	2026-06-19 04:23:24 UTC
6a34c42894034600e6e9da97	9524f31a-4ddd-4eb5-8d5e-8ee5d16e4556	batch_run	2026-06-19 04:24:00 UTC
6a34c46894034600e6e9db1d	221e3072-082f-4632-b13d-fb3476ae016d	batch_run	2026-06-19 04:25:08 UTC
6a34c47a94034600caea0850	fa2c1db1-ce3e-4d23-af8b-0526e79093b2	batch_run	2026-06-19 12:25:18 UTC
6a34c48c94034600e6e9db6f	1779c6b6-0b55-437c-a5e8-30bbd0173472	batch_run	2026-06-19 04:26:06 UTC
6a34c49e9403460100e9c36e	24e5123f-b63c-4b7e-9841-e9f9912ca717	batch_run	2026-06-19 12:27:42 UTC
6a34c4bc94034600e6e9dc2b	f828c7b5-eaf3-4827-af6d-1678b881f801	batch_run	2026-06-19 12:27:42 UTC
6a34c4d19403460100e9c3eb	c6a723f0-5aed-4257-b484-e3855af55b9a	batch_run	2026-06-19 12:27:42 UTC
6a34c4f89403460100e9c469	00e618c0-c314-4401-b65a-16b5577baeea	batch_run	2026-06-19 12:27:42 UTC
6a34c51094034600e6e9dd0d	47703b4f-c7bc-4091-a80e-6dfdb7f28ea2	batch_run	2026-06-19 12:27:42 UTC
6a34c5249403460100e9c4f8	bcb63d5e-aa6f-4de0-aa53-a04dd88e07b7	batch_run	2026-06-19 12:27:43 UTC
6a34c5379403460136e9b5a2	78aba540-4c31-40bd-abb0-98ac70cfc6fb	batch_run	2026-06-19 12:27:43 UTC
6a34c54794034600caea0ca3	ae57cf89-6ea8-4f7f-8aab-07eaf074df5c	batch_run	2026-06-19 12:27:43 UTC
6a34c55894034600e6e9de3a	3ccaaa5b-d5c7-4554-af3f-f99abbc26f87	batch_run	2026-06-19 12:27:43 UTC
6a34c56994034600caea0db1	1ab35c21-877f-4d89-9028-b0188c6ca542	batch_run	2026-06-19 12:27:43 UTC
6a34c57a9403460136e9b5ec	bba534e2-7471-4201-876f-b1c7fb83d98e	batch_run	2026-06-19 12:27:44 UTC
6a34c58a94034600caea0ead	af4a31e0-c77d-4c29-b8c3-cc7a0b139580	batch_run	2026-06-19 12:27:44 UTC
6a34c59994034600caea0f14	9b0dc0ed-7698-4606-97ca-b689881d6874	batch_run	2026-06-19 12:27:44 UTC
6a34c5ab94034600caea0f9e	74051d4c-df0a-4573-a7c6-0c79eca8d894	batch_run	2026-06-19 12:27:44 UTC
6a34c5bd94034600caea102b	69087428-52ec-4bd8-848b-b4e4fdf37155	batch_run	2026-06-19 12:27:44 UTC
6a34c5d394034600caea109a	baf9f8ba-115a-44b1-a7ad-d6e57e5c9fb1	batch_run	2026-06-19 12:27:45 UTC
6a34c5e694034600caea111c	bc476a23-3a29-4be7-91d2-bcd10590b110	batch_run	2026-06-19 12:27:45 UTC
6a34c5f694034600e6e9e063	e53157e5-31c0-4a27-9d72-eff4bc3dcc04	batch_run	2026-06-19 12:27:45 UTC
6a34c60894034600caea120c	45eeee5d-48fe-4477-866b-a42553dbbe81	batch_run	2026-06-19 12:27:45 UTC
6a34c61a94034600caea126b	a6677b8e-ee78-471c-bc5f-ab17df6436c9	batch_run	2026-06-19 12:27:45 UTC
6a34c62c9403460100e9c702	f14dc4b7-8056-41a7-9726-a6edaae63995	batch_run	2026-06-19 12:27:45 UTC
6a34c64094034600caea1312	e967d027-c375-4df8-ac26-b138e3e6e4fc	batch_run	2026-06-19 12:27:45 UTC
6a34c64f94034600caea1344	d6697c11-8810-4e0d-8a2d-0cc8681006be	batch_run	2026-06-19 12:27:45 UTC
6a34c65f94034600e6e9e1cb	78d79290-afec-4924-a875-d8e5a037fd1a	batch_run	2026-06-19 12:27:45 UTC
6a34c66f94034600caea139b	86ae58d6-4317-4188-9fa1-cf6c93ecb957	batch_run	2026-06-19 12:27:45 UTC
6a34c67f9403460100e9c795	82bfc29d-19ca-4b2d-92dd-e8a0ef10d22f	batch_run	2026-06-19 12:27:46 UTC
6a34c68f94034600caea1406	0638909f-d9bc-4f71-a2dc-a0223a76826d	batch_run	2026-06-19 12:27:46 UTC
6a34c6a794034600caea147e	79a7a0f1-9dc3-4840-b3ea-78ef3cab7e11	batch_run	2026-06-19 12:27:46 UTC
6a34c6b694034600caea149a	00f07800-6fef-42ab-8b32-a06c02ac82fb	batch_run	2026-06-19 12:27:46 UTC
6a34c6c894034600e6e9e2f1	40bb4e87-7307-440f-a43d-6e0e5d6d94b9	batch_run	2026-06-19 12:27:46 UTC
6a34c6d794034600caea14ba	492dfc15-bc33-4714-9439-28fb3a8675de	batch_run	2026-06-19 12:27:46 UTC
6a34c6e794034600e6e9e346	a4ded0ac-67c6-4ca5-abfc-0a9ca2987dd3	batch_run	2026-06-19 12:27:47 UTC
6a34c6f894034600caea1520	8df81bfa-bf97-4afb-b1a7-08d4f82e7a55	batch_run	2026-06-19 12:27:47 UTC
6a34c70894034600caea1538	e992ca68-4451-4e86-aef1-60aa7a391a35	batch_run	2026-06-19 12:27:47 UTC
6a34c71994034600caea1547	8dc1b49b-a78c-49b8-90bd-ef63a3a347df	batch_run	2026-06-19 12:27:47 UTC
6a34c72a94034600e6e9e3dd	ca723318-584b-4cc4-8d83-7784a173ab86	batch_run	2026-06-19 12:27:47 UTC
6a34c73d94034600caea1596	cd83c732-cb30-4330-aa3a-3afc6c9105c0	batch_run	2026-06-19 12:27:47 UTC
6a34c74d94034600caea15a8	4b17ee68-3ef9-4af5-b080-eaf7da48839d	batch_run	2026-06-19 12:27:47 UTC
6a34c75d94034600caea15c1	48276046-6bc6-4847-8e78-6ec3a4838b73	batch_run	2026-06-19 12:27:47 UTC
6a34c76d94034600caea15ce	0de39ce9-193c-4d22-bf30-b80d1b6a6ef9	batch_run	2026-06-19 12:27:47 UTC
6a34c77c94034600caea15da	0bedb03f-11b7-4f89-aa31-579c413b451e	batch_run	2026-06-19 12:27:48 UTC
6a34c79c94034600caea15fe	f924d59e-068d-4275-8968-939e02caafce	batch_run	2026-06-19 12:27:48 UTC
6a34c7ac94034600e6e9e46e	bd34f568-afb6-4f24-ae3c-4ec7a778864f	batch_run	2026-06-19 12:27:48 UTC
6a34c7bd94034600caea1612	9b45343e-644a-468d-98e3-6789257790d7	batch_run	2026-06-19 12:27:49 UTC
6a34c7ce94034600caea1623	d6f9e0cd-394d-42b3-8f4a-325c73ff98f5	batch_run	2026-06-19 12:27:49 UTC
6a34c7e194034600caea1631	323eb805-4f40-4e3b-a12f-104708a1ba6c	batch_run	2026-06-19 12:27:49 UTC
6a34c7f294034600caea163e	2c0f3da2-b60e-4744-86ae-d951b0295e68	batch_run	2026-06-19 12:27:49 UTC
6a34c80494034600caea1644	dc3682b0-9603-42d3-bc3c-dd52d1f88c2a	batch_run	2026-06-19 12:27:49 UTC
6a34c81594034600caea1646	3c53ddd8-d4bf-4615-bc68-ed679f329efb	batch_run	2026-06-19 12:27:49 UTC
6a34c82894034600caea1648	4ea49072-56e4-4cbd-898b-c2340c7df3df	batch_run	2026-06-19 12:27:49 UTC
6a34c83894034600caea164d	c0ad2937-97be-4705-b36a-d8ea52e93663	batch_run	2026-06-19 12:27:49 UTC
6a34c84994034600caea164f	54b8ca35-f81f-46a7-94f3-1740778c024d	batch_run	2026-06-19 12:27:50 UTC
6a34c85a94034600caea1651	761bd710-88bd-468a-8086-42c48489fa4b	batch_run	2026-06-19 12:27:50 UTC
6a34c86a94034600caea1653	18e878ae-9d12-4965-a003-654fa7346558	batch_run	2026-06-19 12:27:50 UTC
6a34c87b94034600caea1655	5adf1f76-8862-43d3-aab6-5b3d5cc689d2	batch_run	2026-06-19 12:27:50 UTC
6a34c88e94034600caea1663	164c8cb0-c01b-4070-a087-6d67e5f843b5	batch_run	2026-06-19 12:27:50 UTC
6a34c8a194034600caea1669	ec592508-d02a-4d07-b788-2078f7aaaf61	batch_run	2026-06-19 12:27:50 UTC
6a34c8b394034600caea166b	e04fed3c-66e1-4f6d-b287-b42c1c8cb703	batch_run	2026-06-19 12:27:51 UTC
6a34c8c494034600caea166d	71e3fff3-4001-4f5f-9ec3-2afe38c25fa5	batch_run	2026-06-19 12:27:51 UTC
6a34c8d694034600caea166f	baee2cd7-18fc-4e0e-8b3c-6ddf6a8dc986	batch_run	2026-06-19 12:27:51 UTC
6a34c8e894034600caea1671	ae702733-54fc-4012-a1bf-e74d23898cdd	batch_run	2026-06-19 12:27:51 UTC
6a34c8fa94034600caea1673	4825b135-f25b-4388-8dfb-be7e6d985405	batch_run	2026-06-19 12:27:51 UTC
6a34c90d94034600caea1675	9e39d521-b7b7-4c1b-aecb-96004d2313f7	batch_run	2026-06-19 12:27:52 UTC
6a34c91f94034600e6e9e4d9	dde41abd-35a7-4924-aca3-fab9b3df358f	batch_run	2026-06-19 12:27:52 UTC
6a34c93294034600caea1677	72315148-3d76-4a7f-80b9-043385f267b8	batch_run	2026-06-19 12:27:52 UTC
6a34c94394034600caea1679	9d8f69d0-a283-450d-9d8c-4d59e3fb5e88	batch_run	2026-06-19 12:27:53 UTC
6a34c95494034600caea167b	cf7138e7-1aa0-4568-9423-790e5068016a	batch_run	2026-06-19 12:27:53 UTC
6a34c96794034600caea167d	01bfba22-1416-4b50-bc40-ec4c27eb0488	batch_run	2026-06-19 12:27:53 UTC
6a34c98594034600caea167f	c5f419a8-9189-40fd-997a-e9ee3bd7a10b	batch_run	2026-06-19 12:27:53 UTC
6a34c99694034600caea1681	f63d6e99-4b0d-4cb4-a113-d9d7d0402fdc	batch_run	2026-06-19 12:27:54 UTC
6a34c9a894034600caea1683	33b6ade0-b15c-4d55-8746-ff788a48cffd	batch_run	2026-06-19 12:27:54 UTC
6a34c9ba94034600caea1685	54278872-06f1-40d1-9202-f657e368c564	batch_run	2026-06-19 12:27:54 UTC
6a34c9cc94034600caea1687	dac3a9de-d95a-462b-abd6-f49bf6270f7b	batch_run	2026-06-19 12:27:55 UTC
6a34c9de94034600caea1689	1fee68ca-0e0a-4fd6-9650-482eede477b9	batch_run	2026-06-19 12:27:56 UTC
6a34c9f294034600caea168b	af9145b6-ffb8-4829-b124-e6bc42bed458	batch_run	2026-06-19 12:27:57 UTC
6a34ca0494034600caea168d	cc8320f9-9680-429a-859c-cc290f684c69	batch_run	2026-06-19 12:27:57 UTC
6a34ca1694034600caea168f	79604c65-987e-4705-b383-f413fedf3b6c	batch_run	2026-06-19 12:27:57 UTC
6a34ca2994034600caea1691	a996cc14-2c37-4295-b1c0-31511e7775e6	batch_run	2026-06-19 12:27:59 UTC
6a34ca3b94034600caea1693	2732666f-a936-4578-be04-7c0ef943d32e	batch_run	2026-06-19 12:28:00 UTC
6a34ca5294034600caea1695	23068989-3bf3-4b60-82a4-adffe686ff37	batch_run	2026-06-19 12:28:03 UTC
6a34ca7994034600caea1698	4e755f8b-9a56-4a27-b499-a7f83176ce72	batch_run	2026-06-19 12:28:03 UTC
6a34ca8a94034600caea169a	28d277a8-13d3-41d7-b6d1-be5cebc35a89	batch_run	2026-06-19 12:28:04 UTC
6a34ca9e94034600caea169c	8c7e6fb8-dfa2-41d3-9090-494996a9adbf	batch_run	2026-06-19 12:28:06 UTC
6a34cab194034600caea169e	24a1f142-d9fa-4f50-a38a-840393365f2a	batch_run	2026-06-19 12:28:06 UTC
6a34cac494034600caea16a0	98e21846-adcc-4a29-b431-00fea9e625df	batch_run	2026-06-19 12:28:07 UTC
6a34cad794034600caea16a2	f92f902d-88f2-4a4b-bab7-101efdc45f78	batch_run	2026-06-19 12:28:07 UTC
6a34caea94034600caea16a4	7a9f7d03-b9ef-4c0b-a4d6-046c1816a007	batch_run	2026-06-19 12:28:09 UTC
6a34cafd94034600caea16a6	39f044c9-71ba-4d75-bd50-3bde5fb65921	batch_run	2026-06-19 12:28:10 UTC
6a34cb1094034600caea16a8	13852360-3826-4468-b21d-12f19a3e1678	batch_run	2026-06-19 12:28:10 UTC
6a34cb2394034600caea16aa	3ebb3d70-5c79-4d08-b43d-e1e273d2be5e	batch_run	2026-06-19 12:28:11 UTC
6a34cb3894034600caea16ac	f987efbd-eef9-483d-9c0d-0026846a84fc	batch_run	2026-06-19 12:28:13 UTC
6a34cb4b94034600caea16ae	96824bd1-e9ec-429b-84c4-5ba18784aa00	batch_run	2026-06-19 12:28:13 UTC
6a34cb6e94034600caea16b0	498f6b7e-71b3-4514-a9e0-961a067584aa	batch_run	2026-06-19 12:28:14 UTC
6a34cb8094034600caea16b2	3f621e00-2f91-4caf-a8d8-b92783940c55	batch_run	2026-06-19 12:28:14 UTC
6a34cb9594034600caea16b4	5c3aa84a-96ec-4e8e-adbf-b635e7daade8	batch_run	2026-06-19 12:28:15 UTC
6a34cba894034600caea16b6	d425842c-54ab-4c13-a4e4-9a036861a5bd	batch_run	2026-06-19 12:28:18 UTC
6a34cbbc94034600caea16b8	53a81734-a4e4-4608-8879-62121fc7ef84	batch_run	2026-06-19 12:28:18 UTC
6a34cbd094034600caea16ba	66b4287e-1f14-4d97-ac29-72a5a5ea13b7	batch_run	2026-06-19 12:28:18 UTC
6a34cbe494034600caea16bc	e98806ff-0c18-4060-85d9-a893d35e8f10	batch_run	2026-06-19 12:28:18 UTC
6a34cbf894034600caea16be	65412d3d-d8fd-422c-9a1f-12e10021e2d8	batch_run	2026-06-19 12:28:19 UTC
6a34cc0b94034600caea16c0	059dadfc-a80f-44b9-bb67-31cfc0b4c2d0	batch_run	2026-06-19 12:28:20 UTC
6a34cc2094034600caea16c2	019aa4ae-4bd7-4656-9425-49177922f3f4	batch_run	2026-06-19 12:28:25 UTC
6a35b38e313846480cef2bbb	baf9f8ba-115a-44b1-a7ad-d6e57e5c9fb1	batch_run	2026-06-20 01:06:41 UTC
6a35b38e313846480cef2bbc	bba534e2-7471-4201-876f-b1c7fb83d98e	batch_run	2026-06-20 01:06:41 UTC
6a35b38e313846480cef2bbd	bc476a23-3a29-4be7-91d2-bcd10590b110	batch_run	2026-06-20 01:06:41 UTC
6a35b38e313846480cef2bbf	bd34f568-afb6-4f24-ae3c-4ec7a778864f	batch_run	2026-06-20 01:06:41 UTC
6a35b38e313846480cef2bc2	c5f419a8-9189-40fd-997a-e9ee3bd7a10b	batch_run	2026-06-20 01:06:41 UTC
6a35b38e313846480cef2bc3	c6a723f0-5aed-4257-b484-e3855af55b9a	batch_run	2026-06-20 01:06:41 UTC
6a35b38f313846480cef2bc5	cc8320f9-9680-429a-859c-cc290f684c69	batch_run	2026-06-20 01:06:41 UTC
6a35b38f313846480cef2bc6	cd83c732-cb30-4330-aa3a-3afc6c9105c0	batch_run	2026-06-20 01:06:41 UTC
6a35b38f313846480cef2bc7	cf7138e7-1aa0-4568-9423-790e5068016a	batch_run	2026-06-20 01:06:41 UTC
6a35b38f313846480cef2bc8	d425842c-54ab-4c13-a4e4-9a036861a5bd	batch_run	2026-06-20 01:06:41 UTC
6a35b38f313846480cef2bcd	dde41abd-35a7-4924-aca3-fab9b3df358f	batch_run	2026-06-20 01:06:41 UTC
6a35b390313846480cef2bd4	f14dc4b7-8056-41a7-9726-a6edaae63995	batch_run	2026-06-20 01:06:42 UTC
6a35b390313846480cef2bd5	f63d6e99-4b0d-4cb4-a113-d9d7d0402fdc	batch_run	2026-06-20 01:06:42 UTC
